Datetime,Water Level (m)
2025-04-08 06:00:00,5.0895327e-05
2025-04-08 07:00:00,5.1747065e-05
2025-04-08 08:00:00,4.3428823e-05
2025-04-08 09:00:00,2.8814093e-05
2025-04-08 10:00:00,1.547138e-05
2025-04-08 11:00:00,2.9904993e-05
2025-04-08 12:00:00,-6.1471083e-06
2025-04-08 13:00:00,-0.000135777
2025-04-08 14:00:00,-0.000219049
2025-04-08 15:00:00,-0.00019964033
2025-04-08 16:00:00,-0.00011802123
2025-04-08 17:00:00,-5.713524e-07
2025-04-08 18:00:00,4.425344e-05
2025-04-08 19:00:00,3.8347596e-05
2025-04-08 20:00:00,4.0481398e-05
2025-04-08 21:00:00,3.7227845e-05
2025-04-08 22:00:00,3.636236e-05
2025-04-08 23:00:00,3.4606015e-05
2025-04-09 00:00:00,3.8180322e-05
2025-04-09 01:00:00,-1.3205586e-05
2025-04-09 02:00:00,-0.00011521648
2025-04-09 03:00:00,-0.00017133364
2025-04-09 04:00:00,-0.00015218316
2025-04-09 05:00:00,-4.5561446e-05
2025-04-09 06:00:00,4.2205927e-05
2025-04-09 07:00:00,2.7063656e-05
2025-04-09 08:00:00,1.2272303e-05
2025-04-09 09:00:00,7.441808e-06
2025-04-09 10:00:00,1.7030276e-05
2025-04-09 11:00:00,2.843603e-05
2025-04-09 12:00:00,4.3637698e-05
2025-04-09 13:00:00,-8.695417e-05
2025-04-09 14:00:00,-0.00021925553
2025-04-09 15:00:00,-0.0002738171
2025-04-09 16:00:00,-0.00024289222
2025-04-09 17:00:00,-0.0001207061
2025-04-09 18:00:00,-9.309501e-07
2025-04-09 19:00:00,5.8613918e-05
2025-04-09 20:00:00,5.8899586e-05
2025-04-09 21:00:00,5.6984685e-05
2025-04-09 22:00:00,5.2540392e-05
2025-04-09 23:00:00,4.8924896e-05
2025-04-10 00:00:00,5.7296875e-05
2025-04-10 01:00:00,-6.949946e-06
2025-04-10 02:00:00,-0.00015099629
2025-04-10 03:00:00,-0.0002530804
2025-04-10 04:00:00,-0.00026107437
2025-04-10 05:00:00,-0.00016174208
2025-04-10 06:00:00,-2.3656161e-05
2025-04-10 07:00:00,6.055574e-05
2025-04-10 08:00:00,6.818093e-05
2025-04-10 09:00:00,6.5483226e-05
2025-04-10 10:00:00,6.681557e-05
2025-04-10 11:00:00,7.228677e-05
2025-04-10 12:00:00,7.931256e-05
2025-04-10 13:00:00,-1.5100418e-05
2025-04-10 14:00:00,-0.00018609304
2025-04-10 15:00:00,-0.00030615367
2025-04-10 16:00:00,-0.00032282626
2025-04-10 17:00:00,-0.0002365866
2025-04-10 18:00:00,-8.190704e-05
2025-04-10 19:00:00,2.1757352e-05
2025-04-10 20:00:00,6.594496e-05
2025-04-10 21:00:00,6.35778e-05
2025-04-10 22:00:00,5.9813032e-05
2025-04-10 23:00:00,5.6138364e-05
2025-04-11 00:00:00,5.177334e-05
2025-04-11 01:00:00,2.5236524e-05
2025-04-11 02:00:00,-0.00012983482
2025-04-11 03:00:00,-0.0002766489
2025-04-11 04:00:00,-0.000335749
2025-04-11 05:00:00,-0.00027043483
2025-04-11 06:00:00,-0.00010897686
2025-04-11 07:00:00,9.986117e-06
2025-04-11 08:00:00,8.8863235e-05
2025-04-11 09:00:00,9.542789e-05
2025-04-11 10:00:00,8.39425e-05
2025-04-11 11:00:00,7.7575416e-05
2025-04-11 12:00:00,7.259425e-05
2025-04-11 13:00:00,3.9836825e-05
2025-04-11 14:00:00,-0.0001317055
2025-04-11 15:00:00,-0.00029938712
2025-04-11 16:00:00,-0.00047428385
2025-04-11 17:00:00,-0.00047400425
2025-04-11 18:00:00,-0.00031609467
2025-04-11 19:00:00,-0.00019681665
2025-04-11 20:00:00,-0.000109821136
2025-04-11 21:00:00,-8.349446e-05
2025-04-11 22:00:00,-9.135766e-05
2025-04-11 23:00:00,-9.651401e-05
2025-04-12 00:00:00,-9.911647e-05
2025-04-12 01:00:00,-7.768054e-05
2025-04-12 02:00:00,-0.00023998413
2025-04-12 03:00:00,-0.0004260318
2025-04-12 04:00:00,-0.00053899596
2025-04-12 05:00:00,-0.00051487907
2025-04-12 06:00:00,-0.00036471497
2025-04-12 07:00:00,-0.0002167707
2025-04-12 08:00:00,-0.000121415214
2025-04-12 09:00:00,-4.959463e-05
2025-04-12 10:00:00,-5.1475723e-05
2025-04-12 11:00:00,-5.943655e-05
2025-04-12 12:00:00,-6.4303786e-05
2025-04-12 13:00:00,-6.742438e-05
2025-04-12 14:00:00,-0.00020262315
2025-04-12 15:00:00,-0.0004019376
2025-04-12 16:00:00,-0.0005370027
2025-04-12 17:00:00,-0.0005454998
2025-04-12 18:00:00,-0.0004014231
2025-04-12 19:00:00,-0.00023904881
2025-04-12 20:00:00,-0.00014545723
2025-04-12 21:00:00,-9.2466114e-05
2025-04-12 22:00:00,-9.592062e-05
2025-04-12 23:00:00,-0.00010257404
2025-04-13 00:00:00,-0.000105750216
2025-04-13 01:00:00,-0.0001044282
2025-04-13 02:00:00,-0.00017101826
2025-04-13 03:00:00,-0.000375701
2025-04-13 04:00:00,-0.00053611887
2025-04-13 05:00:00,-0.0005777309
2025-04-13 06:00:00,-0.00046618696
2025-04-13 07:00:00,-0.00029254254
2025-04-13 08:00:00,-0.00017066518
2025-04-13 09:00:00,-7.9347585e-05
2025-04-13 10:00:00,-3.7955582e-05
2025-04-13 11:00:00,-4.89127e-05
2025-04-13 12:00:00,-7.208452e-05
2025-04-13 13:00:00,-8.602248e-05
2025-04-13 14:00:00,-0.00013415082
2025-04-13 15:00:00,-0.00031002343
2025-04-13 16:00:00,-0.0004789972
2025-04-13 17:00:00,-0.0005421256
2025-04-13 18:00:00,-0.00044159868
2025-04-13 19:00:00,-0.00026394997
2025-04-13 20:00:00,-0.00016316201
2025-04-13 21:00:00,-9.490533e-05
2025-04-13 22:00:00,-9.3659204e-05
2025-04-13 23:00:00,-0.000100239246
2025-04-14 00:00:00,-0.00010301126
2025-04-14 01:00:00,-0.00010600713
2025-04-14 02:00:00,-9.564443e-05
2025-04-14 03:00:00,-0.00024390394
2025-04-14 04:00:00,-0.00044620835
2025-04-14 05:00:00,-0.0005717958
2025-04-14 06:00:00,-0.0005527057
